experiment_name,variant,batch_id,batch_size,run_id,total_runtime_s
paillier_phe,paillier_phe,batch_0001,100,measured_0001,12.461672879999924
paillier_phe,paillier_phe,batch_0001,100,measured_0002,12.611908806000429
paillier_phe,paillier_phe,batch_0001,100,measured_0003,12.658670623999797
paillier_phe,paillier_phe,batch_0001,100,measured_0004,12.583585465999931
paillier_phe,paillier_phe,batch_0001,100,measured_0005,12.63647557599984
paillier_phe,paillier_phe,batch_0002,500,measured_0001,63.176846086000296
paillier_phe,paillier_phe,batch_0002,500,measured_0002,61.574438739000016
paillier_phe,paillier_phe,batch_0002,500,measured_0003,61.0324442430001
paillier_phe,paillier_phe,batch_0002,500,measured_0004,62.23209500200005
paillier_phe,paillier_phe,batch_0002,500,measured_0005,62.92089193300012
paillier_phe,paillier_phe,batch_0003,1000,measured_0001,126.62845161199994
paillier_phe,paillier_phe,batch_0003,1000,measured_0002,122.9869700560007
paillier_phe,paillier_phe,batch_0003,1000,measured_0003,125.8485551990002
paillier_phe,paillier_phe,batch_0003,1000,measured_0004,126.7489575730001
paillier_phe,paillier_phe,batch_0003,1000,measured_0005,126.95317907299976
paillier_phe,paillier_phe,batch_0004,5000,measured_0001,627.5154481739992
paillier_phe,paillier_phe,batch_0004,5000,measured_0002,645.3764281470003
paillier_phe,paillier_phe,batch_0004,5000,measured_0003,635.8909394600005
paillier_phe,paillier_phe,batch_0004,5000,measured_0004,611.9195796260001
paillier_phe,paillier_phe,batch_0004,5000,measured_0005,651.8985042989998
paillier_phe,paillier_phe,batch_0005,10000,measured_0001,1283.0608341769994
paillier_phe,paillier_phe,batch_0005,10000,measured_0002,1342.2456706589985
paillier_phe,paillier_phe,batch_0005,10000,measured_0003,1335.490631953002
paillier_phe,paillier_phe,batch_0005,10000,measured_0004,1311.0706748880002
paillier_phe,paillier_phe,batch_0005,10000,measured_0005,1278.467529157997
paillier_phe_blockchain,paillier_phe_blockchain,batch_0001,100,measured_0001,12.097763489997304
paillier_phe_blockchain,paillier_phe_blockchain,batch_0001,100,measured_0002,12.215629036996688
paillier_phe_blockchain,paillier_phe_blockchain,batch_0001,100,measured_0003,12.168905641996387
paillier_phe_blockchain,paillier_phe_blockchain,batch_0001,100,measured_0004,12.44190801199511
paillier_phe_blockchain,paillier_phe_blockchain,batch_0001,100,measured_0005,12.216439896998054
paillier_phe_blockchain,paillier_phe_blockchain,batch_0002,500,measured_0001,166.13084976900427
paillier_phe_blockchain,paillier_phe_blockchain,batch_0002,500,measured_0002,165.71770864200516
paillier_phe_blockchain,paillier_phe_blockchain,batch_0002,500,measured_0003,167.4569955960069
paillier_phe_blockchain,paillier_phe_blockchain,batch_0002,500,measured_0004,167.93921152600888
paillier_phe_blockchain,paillier_phe_blockchain,batch_0002,500,measured_0005,167.45129981300852
paillier_phe_blockchain,paillier_phe_blockchain,batch_0003,1000,measured_0001,237.1957586559984
paillier_phe_blockchain,paillier_phe_blockchain,batch_0003,1000,measured_0002,237.1448428309959
paillier_phe_blockchain,paillier_phe_blockchain,batch_0003,1000,measured_0003,236.2042144050029
paillier_phe_blockchain,paillier_phe_blockchain,batch_0003,1000,measured_0004,237.44217453700185
paillier_phe_blockchain,paillier_phe_blockchain,batch_0003,1000,measured_0005,236.2546858530004
paillier_phe_blockchain,paillier_phe_blockchain,batch_0004,5000,measured_0001,752.5028636900024
paillier_phe_blockchain,paillier_phe_blockchain,batch_0004,5000,measured_0002,745.1971974309963
paillier_phe_blockchain,paillier_phe_blockchain,batch_0004,5000,measured_0003,737.0953594230014
paillier_phe_blockchain,paillier_phe_blockchain,batch_0004,5000,measured_0004,731.3076086000001
paillier_phe_blockchain,paillier_phe_blockchain,batch_0004,5000,measured_0005,731.3846021309982
paillier_phe_blockchain,paillier_phe_blockchain,batch_0005,10000,measured_0001,1369.288796167002
paillier_phe_blockchain,paillier_phe_blockchain,batch_0005,10000,measured_0002,1353.0608888060124
paillier_phe_blockchain,paillier_phe_blockchain,batch_0005,10000,measured_0003,1377.805920809009
paillier_phe_blockchain,paillier_phe_blockchain,batch_0005,10000,measured_0004,1461.7991368520015
paillier_phe_blockchain,paillier_phe_blockchain,batch_0005,10000,measured_0005,2153.569389727996
plaintext_baseline,plaintext,batch_0001,100,measured_0001,0.0043342629999756
plaintext_baseline,plaintext,batch_0001,100,measured_0002,0.0042528640000227
plaintext_baseline,plaintext,batch_0001,100,measured_0003,0.0042112319999887
plaintext_baseline,plaintext,batch_0001,100,measured_0004,0.0046727700000133
plaintext_baseline,plaintext,batch_0001,100,measured_0005,0.0043150970000169
plaintext_baseline,plaintext,batch_0002,500,measured_0001,0.0069133480000118
plaintext_baseline,plaintext,batch_0002,500,measured_0002,0.0064275359999896
plaintext_baseline,plaintext,batch_0002,500,measured_0003,0.0064481069999828
plaintext_baseline,plaintext,batch_0002,500,measured_0004,0.0062468099999932
plaintext_baseline,plaintext,batch_0002,500,measured_0005,0.0061569069999904
plaintext_baseline,plaintext,batch_0003,1000,measured_0001,0.0092532979999759
plaintext_baseline,plaintext,batch_0003,1000,measured_0002,0.0087864870000089
plaintext_baseline,plaintext,batch_0003,1000,measured_0003,0.0086153119999607
plaintext_baseline,plaintext,batch_0003,1000,measured_0004,0.0087043890000018
plaintext_baseline,plaintext,batch_0003,1000,measured_0005,0.0086517550000166
plaintext_baseline,plaintext,batch_0004,5000,measured_0001,0.03033558300001
plaintext_baseline,plaintext,batch_0004,5000,measured_0002,0.0292954219999614
plaintext_baseline,plaintext,batch_0004,5000,measured_0003,0.031013463000022
plaintext_baseline,plaintext,batch_0004,5000,measured_0004,0.0302407439999683
plaintext_baseline,plaintext,batch_0004,5000,measured_0005,0.029540618999988
plaintext_baseline,plaintext,batch_0005,10000,measured_0001,0.0576370650000512
plaintext_baseline,plaintext,batch_0005,10000,measured_0002,0.0572869829999831
plaintext_baseline,plaintext,batch_0005,10000,measured_0003,0.0575013229999967
plaintext_baseline,plaintext,batch_0005,10000,measured_0004,0.0571564939999689
plaintext_baseline,plaintext,batch_0005,10000,measured_0005,0.0577288769999881
plaintext_blockchain,plaintext_blockchain,batch_0001,100,measured_0001,105.94706554700008
plaintext_blockchain,plaintext_blockchain,batch_0001,100,measured_0002,105.94712037600016
plaintext_blockchain,plaintext_blockchain,batch_0001,100,measured_0003,105.94688771500012
plaintext_blockchain,plaintext_blockchain,batch_0001,100,measured_0004,105.94700012900012
plaintext_blockchain,plaintext_blockchain,batch_0001,100,measured_0005,105.94689757800018
plaintext_blockchain,plaintext_blockchain,batch_0002,500,measured_0001,107.56861044799996
plaintext_blockchain,plaintext_blockchain,batch_0002,500,measured_0002,107.568893925
plaintext_blockchain,plaintext_blockchain,batch_0002,500,measured_0003,107.56893906499988
plaintext_blockchain,plaintext_blockchain,batch_0002,500,measured_0004,107.56913247399996
plaintext_blockchain,plaintext_blockchain,batch_0002,500,measured_0005,107.568755162
plaintext_blockchain,plaintext_blockchain,batch_0003,1000,measured_0001,107.59313699000003
plaintext_blockchain,plaintext_blockchain,batch_0003,1000,measured_0002,107.59341767099988
plaintext_blockchain,plaintext_blockchain,batch_0003,1000,measured_0003,107.59325418799992
plaintext_blockchain,plaintext_blockchain,batch_0003,1000,measured_0004,107.59355273599998
plaintext_blockchain,plaintext_blockchain,batch_0003,1000,measured_0005,107.593413219
plaintext_blockchain,plaintext_blockchain,batch_0004,5000,measured_0001,107.44766740299984
plaintext_blockchain,plaintext_blockchain,batch_0004,5000,measured_0002,107.45011743299982
plaintext_blockchain,plaintext_blockchain,batch_0004,5000,measured_0003,107.44739823399992
plaintext_blockchain,plaintext_blockchain,batch_0004,5000,measured_0004,107.44656485799986
plaintext_blockchain,plaintext_blockchain,batch_0004,5000,measured_0005,107.44655618999978
plaintext_blockchain,plaintext_blockchain,batch_0005,10000,measured_0001,107.37699545099986
plaintext_blockchain,plaintext_blockchain,batch_0005,10000,measured_0002,107.37486283399971
plaintext_blockchain,plaintext_blockchain,batch_0005,10000,measured_0003,107.37341289999996
plaintext_blockchain,plaintext_blockchain,batch_0005,10000,measured_0004,107.3806997769998
plaintext_blockchain,plaintext_blockchain,batch_0005,10000,measured_0005,107.38116465799976
