order_id,batch_id,trader_id,symbol,side,price,quantity,remaining_quantity,filled_quantity,timestamp
order_00000769,batch_0003,trader_0014,ETH-USD,BUY,2004.33,145,145,0,2026-01-01T00:12:48Z
order_00001240,batch_0003,trader_0013,ETH-USD,BUY,2004.16,514,514,0,2026-01-01T00:20:39Z
order_00001513,batch_0003,trader_0023,ETH-USD,BUY,2003.42,390,390,0,2026-01-01T00:25:12Z
order_00000887,batch_0003,trader_0021,ETH-USD,BUY,2002.17,98,98,0,2026-01-01T00:14:46Z
order_00001317,batch_0003,trader_0011,ETH-USD,BUY,2001.27,75,75,0,2026-01-01T00:21:56Z
order_00000601,batch_0003,trader_0023,ETH-USD,BUY,2001.01,703,703,0,2026-01-01T00:10:00Z
order_00001559,batch_0003,trader_0006,ETH-USD,BUY,2000.26,740,740,0,2026-01-01T00:25:58Z
order_00001406,batch_0003,trader_0011,ETH-USD,BUY,1997.43,16,16,0,2026-01-01T00:23:25Z
order_00001003,batch_0003,trader_0023,ETH-USD,BUY,1996.65,864,864,0,2026-01-01T00:16:42Z
order_00001542,batch_0003,trader_0005,ETH-USD,BUY,1996.58,397,397,0,2026-01-01T00:25:41Z
order_00001016,batch_0003,trader_0015,ETH-USD,BUY,1995.51,382,382,0,2026-01-01T00:16:55Z
order_00000667,batch_0003,trader_0024,ETH-USD,BUY,1995.45,842,842,0,2026-01-01T00:11:06Z
order_00000809,batch_0003,trader_0011,ETH-USD,BUY,1994.14,873,873,0,2026-01-01T00:13:28Z
order_00001431,batch_0003,trader_0015,ETH-USD,BUY,1994.12,41,41,0,2026-01-01T00:23:50Z
order_00001514,batch_0003,trader_0020,ETH-USD,BUY,1993.86,324,324,0,2026-01-01T00:25:13Z
order_00000736,batch_0003,trader_0013,ETH-USD,BUY,1991.69,613,613,0,2026-01-01T00:12:15Z
order_00001260,batch_0003,trader_0007,ETH-USD,BUY,1991.53,692,692,0,2026-01-01T00:20:59Z
order_00001540,batch_0003,trader_0017,ETH-USD,BUY,1990.64,799,799,0,2026-01-01T00:25:39Z
order_00001017,batch_0003,trader_0018,ETH-USD,BUY,1989.83,892,892,0,2026-01-01T00:16:56Z
order_00001044,batch_0003,trader_0024,ETH-USD,BUY,1988.31,100,100,0,2026-01-01T00:17:23Z
order_00001028,batch_0003,trader_0022,ETH-USD,BUY,1986.68,224,224,0,2026-01-01T00:17:07Z
order_00000731,batch_0003,trader_0023,ETH-USD,BUY,1984.65,745,745,0,2026-01-01T00:12:10Z
order_00000910,batch_0003,trader_0006,ETH-USD,BUY,1984.4,965,965,0,2026-01-01T00:15:09Z
order_00001472,batch_0003,trader_0005,ETH-USD,BUY,1984.15,39,39,0,2026-01-01T00:24:31Z
order_00000762,batch_0003,trader_0009,ETH-USD,BUY,1983.02,202,202,0,2026-01-01T00:12:41Z
order_00000614,batch_0003,trader_0002,ETH-USD,BUY,1982.72,426,426,0,2026-01-01T00:10:13Z
order_00001248,batch_0003,trader_0002,ETH-USD,BUY,1981.86,940,940,0,2026-01-01T00:20:47Z
order_00001161,batch_0003,trader_0020,ETH-USD,BUY,1981.04,834,834,0,2026-01-01T00:19:20Z
order_00001466,batch_0003,trader_0013,ETH-USD,BUY,1980.96,985,985,0,2026-01-01T00:24:25Z
order_00001120,batch_0003,trader_0004,ETH-USD,BUY,1978.83,511,511,0,2026-01-01T00:18:39Z
order_00001296,batch_0003,trader_0023,ETH-USD,BUY,1978.64,236,236,0,2026-01-01T00:21:35Z
order_00000777,batch_0003,trader_0006,ETH-USD,BUY,1977.54,861,861,0,2026-01-01T00:12:56Z
order_00000908,batch_0003,trader_0005,ETH-USD,BUY,1977.37,662,662,0,2026-01-01T00:15:07Z
order_00001005,batch_0003,trader_0011,ETH-USD,BUY,1977.24,762,762,0,2026-01-01T00:16:44Z
order_00001107,batch_0003,trader_0003,ETH-USD,BUY,1976.28,422,422,0,2026-01-01T00:18:26Z
order_00001429,batch_0003,trader_0007,ETH-USD,BUY,1975.49,914,914,0,2026-01-01T00:23:48Z
order_00000955,batch_0003,trader_0014,ETH-USD,BUY,1975.29,396,396,0,2026-01-01T00:15:54Z
order_00001097,batch_0003,trader_0020,ETH-USD,BUY,1975.09,916,916,0,2026-01-01T00:18:16Z
order_00001395,batch_0003,trader_0008,ETH-USD,BUY,1974.84,575,575,0,2026-01-01T00:23:14Z
order_00001289,batch_0003,trader_0019,ETH-USD,BUY,1970.43,159,159,0,2026-01-01T00:21:28Z
order_00001156,batch_0003,trader_0001,ETH-USD,BUY,1968.95,868,868,0,2026-01-01T00:19:15Z
order_00001397,batch_0003,trader_0008,ETH-USD,BUY,1968.9,82,82,0,2026-01-01T00:23:16Z
order_00000869,batch_0003,trader_0024,ETH-USD,BUY,1966.5,255,255,0,2026-01-01T00:14:28Z
order_00001136,batch_0003,trader_0021,ETH-USD,BUY,1965.79,776,776,0,2026-01-01T00:18:55Z
order_00000966,batch_0003,trader_0018,ETH-USD,BUY,1963.71,195,195,0,2026-01-01T00:16:05Z
order_00001010,batch_0003,trader_0025,ETH-USD,BUY,1961.35,519,519,0,2026-01-01T00:16:49Z
order_00000634,batch_0003,trader_0008,ETH-USD,BUY,1960.91,46,46,0,2026-01-01T00:10:33Z
order_00000846,batch_0003,trader_0021,ETH-USD,BUY,1960.91,719,719,0,2026-01-01T00:14:05Z
order_00000905,batch_0003,trader_0022,ETH-USD,BUY,1960.23,844,844,0,2026-01-01T00:15:04Z
order_00001099,batch_0003,trader_0015,ETH-USD,BUY,1960.1,411,411,0,2026-01-01T00:18:18Z
order_00001490,batch_0003,trader_0014,ETH-USD,BUY,1959.41,88,88,0,2026-01-01T00:24:49Z
order_00001377,batch_0003,trader_0025,ETH-USD,BUY,1958.81,790,790,0,2026-01-01T00:22:56Z
order_00000983,batch_0003,trader_0023,ETH-USD,BUY,1957.92,81,81,0,2026-01-01T00:16:22Z
order_00000746,batch_0003,trader_0025,ETH-USD,BUY,1956.45,384,384,0,2026-01-01T00:12:25Z
order_00000759,batch_0003,trader_0023,ETH-USD,BUY,1955.53,440,440,0,2026-01-01T00:12:38Z
order_00000714,batch_0003,trader_0003,ETH-USD,BUY,1955.12,424,424,0,2026-01-01T00:11:53Z
order_00001061,batch_0003,trader_0002,ETH-USD,BUY,1953.33,489,489,0,2026-01-01T00:17:40Z
order_00000866,batch_0003,trader_0005,ETH-USD,BUY,1953.19,373,373,0,2026-01-01T00:14:25Z
order_00001078,batch_0003,trader_0018,ETH-USD,BUY,1952.1,455,455,0,2026-01-01T00:17:57Z
order_00000722,batch_0003,trader_0011,ETH-USD,BUY,1951.96,636,636,0,2026-01-01T00:12:01Z
order_00001118,batch_0003,trader_0008,ETH-USD,BUY,1951.46,659,659,0,2026-01-01T00:18:37Z
order_00000886,batch_0003,trader_0024,ETH-USD,BUY,1949.0,918,918,0,2026-01-01T00:14:45Z
order_00000816,batch_0003,trader_0021,ETH-USD,BUY,1948.74,85,85,0,2026-01-01T00:13:35Z
order_00001246,batch_0003,trader_0002,ETH-USD,BUY,1947.77,271,271,0,2026-01-01T00:20:45Z
order_00000719,batch_0003,trader_0008,ETH-USD,BUY,1944.45,79,79,0,2026-01-01T00:11:58Z
order_00001359,batch_0003,trader_0018,ETH-USD,BUY,1944.12,370,370,0,2026-01-01T00:22:38Z
order_00001430,batch_0003,trader_0005,ETH-USD,BUY,1943.27,387,387,0,2026-01-01T00:23:49Z
order_00001222,batch_0003,trader_0022,ETH-USD,BUY,1942.86,339,339,0,2026-01-01T00:20:21Z
order_00000712,batch_0003,trader_0003,ETH-USD,BUY,1941.57,92,92,0,2026-01-01T00:11:51Z
order_00001580,batch_0003,trader_0005,ETH-USD,BUY,1939.61,669,669,0,2026-01-01T00:26:19Z
order_00000624,batch_0003,trader_0006,ETH-USD,BUY,1939.11,881,881,0,2026-01-01T00:10:23Z
order_00000642,batch_0003,trader_0021,ETH-USD,BUY,1937.77,996,996,0,2026-01-01T00:10:41Z
order_00001065,batch_0003,trader_0005,ETH-USD,BUY,1937.74,899,899,0,2026-01-01T00:17:44Z
order_00000821,batch_0003,trader_0004,ETH-USD,BUY,1937.43,713,713,0,2026-01-01T00:13:40Z
order_00000750,batch_0003,trader_0007,ETH-USD,BUY,1937.23,320,320,0,2026-01-01T00:12:29Z
order_00000808,batch_0003,trader_0019,ETH-USD,BUY,1935.1,291,291,0,2026-01-01T00:13:27Z
order_00000940,batch_0003,trader_0011,ETH-USD,BUY,1934.62,104,104,0,2026-01-01T00:15:39Z
order_00000654,batch_0003,trader_0001,ETH-USD,BUY,1933.19,929,929,0,2026-01-01T00:10:53Z
order_00001504,batch_0003,trader_0024,ETH-USD,BUY,1932.75,24,24,0,2026-01-01T00:25:03Z
order_00001199,batch_0003,trader_0003,ETH-USD,BUY,1932.69,735,735,0,2026-01-01T00:19:58Z
order_00001229,batch_0003,trader_0016,ETH-USD,BUY,1932.63,751,751,0,2026-01-01T00:20:28Z
order_00001048,batch_0003,trader_0009,ETH-USD,BUY,1932.53,909,909,0,2026-01-01T00:17:27Z
order_00000803,batch_0003,trader_0001,ETH-USD,BUY,1930.92,500,500,0,2026-01-01T00:13:22Z
order_00001249,batch_0003,trader_0023,ETH-USD,BUY,1929.63,665,665,0,2026-01-01T00:20:48Z
order_00001561,batch_0003,trader_0001,ETH-USD,BUY,1929.38,424,424,0,2026-01-01T00:26:00Z
order_00000661,batch_0003,trader_0007,ETH-USD,BUY,1928.09,860,860,0,2026-01-01T00:11:00Z
order_00000929,batch_0003,trader_0024,ETH-USD,BUY,1927.2,607,607,0,2026-01-01T00:15:28Z
order_00000708,batch_0003,trader_0004,ETH-USD,BUY,1926.67,399,399,0,2026-01-01T00:11:47Z
order_00000773,batch_0003,trader_0015,ETH-USD,BUY,1925.83,192,192,0,2026-01-01T00:12:52Z
order_00000894,batch_0003,trader_0004,ETH-USD,BUY,1925.61,478,478,0,2026-01-01T00:14:53Z
order_00001369,batch_0003,trader_0021,ETH-USD,BUY,1925.39,234,234,0,2026-01-01T00:22:48Z
order_00001094,batch_0003,trader_0024,ETH-USD,BUY,1925.08,694,694,0,2026-01-01T00:18:13Z
order_00001571,batch_0003,trader_0025,ETH-USD,BUY,1923.81,316,316,0,2026-01-01T00:26:10Z
order_00000973,batch_0003,trader_0013,ETH-USD,BUY,1923.34,119,119,0,2026-01-01T00:16:12Z
order_00000709,batch_0003,trader_0012,ETH-USD,BUY,1923.31,966,966,0,2026-01-01T00:11:48Z
order_00000768,batch_0003,trader_0006,ETH-USD,BUY,1922.15,245,245,0,2026-01-01T00:12:47Z
order_00000721,batch_0003,trader_0013,ETH-USD,BUY,1921.86,139,139,0,2026-01-01T00:12:00Z
order_00001556,batch_0003,trader_0010,ETH-USD,BUY,1921.82,906,906,0,2026-01-01T00:25:55Z
order_00000897,batch_0003,trader_0023,ETH-USD,BUY,1921.69,703,703,0,2026-01-01T00:14:56Z
order_00001474,batch_0003,trader_0019,ETH-USD,BUY,1920.12,831,831,0,2026-01-01T00:24:33Z
order_00000644,batch_0003,trader_0006,ETH-USD,BUY,1919.96,153,153,0,2026-01-01T00:10:43Z
order_00001067,batch_0003,trader_0010,ETH-USD,BUY,1919.28,47,47,0,2026-01-01T00:17:46Z
order_00001086,batch_0003,trader_0002,ETH-USD,BUY,1918.14,420,420,0,2026-01-01T00:18:05Z
order_00001557,batch_0003,trader_0002,ETH-USD,BUY,1917.77,433,433,0,2026-01-01T00:25:56Z
order_00000972,batch_0003,trader_0003,ETH-USD,BUY,1916.72,654,654,0,2026-01-01T00:16:11Z
order_00000875,batch_0003,trader_0010,ETH-USD,BUY,1916.64,206,206,0,2026-01-01T00:14:34Z
order_00000732,batch_0003,trader_0023,ETH-USD,BUY,1916.53,817,817,0,2026-01-01T00:12:11Z
order_00001363,batch_0003,trader_0011,ETH-USD,BUY,1913.84,800,800,0,2026-01-01T00:22:42Z
order_00001380,batch_0003,trader_0021,ETH-USD,BUY,1913.67,756,756,0,2026-01-01T00:22:59Z
order_00001207,batch_0003,trader_0015,ETH-USD,BUY,1912.61,89,89,0,2026-01-01T00:20:06Z
order_00001257,batch_0003,trader_0005,ETH-USD,BUY,1912.32,659,659,0,2026-01-01T00:20:56Z
order_00001349,batch_0003,trader_0006,ETH-USD,BUY,1911.85,411,411,0,2026-01-01T00:22:28Z
order_00001117,batch_0003,trader_0017,ETH-USD,BUY,1911.26,994,994,0,2026-01-01T00:18:36Z
order_00001578,batch_0003,trader_0021,ETH-USD,BUY,1911.25,561,561,0,2026-01-01T00:26:17Z
order_00000718,batch_0003,trader_0010,ETH-USD,BUY,1910.38,446,446,0,2026-01-01T00:11:57Z
order_00000629,batch_0003,trader_0024,ETH-USD,BUY,1910.26,159,159,0,2026-01-01T00:10:28Z
order_00001511,batch_0003,trader_0022,ETH-USD,BUY,1908.52,677,677,0,2026-01-01T00:25:10Z
order_00001081,batch_0003,trader_0020,ETH-USD,BUY,1907.99,533,533,0,2026-01-01T00:18:00Z
order_00000717,batch_0003,trader_0005,ETH-USD,BUY,1907.36,309,309,0,2026-01-01T00:11:56Z
order_00001494,batch_0003,trader_0014,ETH-USD,BUY,1906.5,74,74,0,2026-01-01T00:24:53Z
order_00001452,batch_0003,trader_0002,ETH-USD,BUY,1906.33,632,632,0,2026-01-01T00:24:11Z
order_00001092,batch_0003,trader_0002,ETH-USD,BUY,1905.65,304,304,0,2026-01-01T00:18:11Z
order_00000960,batch_0003,trader_0004,ETH-USD,BUY,1904.45,327,327,0,2026-01-01T00:15:59Z
order_00001389,batch_0003,trader_0010,ETH-USD,BUY,1903.92,423,423,0,2026-01-01T00:23:08Z
order_00000744,batch_0003,trader_0017,ETH-USD,BUY,1903.5,101,101,0,2026-01-01T00:12:23Z
order_00001264,batch_0003,trader_0006,ETH-USD,BUY,1903.3,171,171,0,2026-01-01T00:21:03Z
order_00000989,batch_0003,trader_0024,ETH-USD,BUY,1903.15,610,610,0,2026-01-01T00:16:28Z
order_00001075,batch_0003,trader_0018,ETH-USD,BUY,1902.32,656,656,0,2026-01-01T00:17:54Z
order_00000681,batch_0003,trader_0012,ETH-USD,BUY,1900.97,540,540,0,2026-01-01T00:11:20Z
order_00001167,batch_0003,trader_0020,ETH-USD,BUY,1900.54,762,762,0,2026-01-01T00:19:26Z
order_00001411,batch_0003,trader_0013,ETH-USD,BUY,1900.03,862,862,0,2026-01-01T00:23:30Z
order_00001112,batch_0003,trader_0012,ETH-USD,BUY,1899.43,745,745,0,2026-01-01T00:18:31Z
order_00000899,batch_0003,trader_0012,ETH-USD,BUY,1899.29,729,729,0,2026-01-01T00:14:58Z
order_00000832,batch_0003,trader_0021,ETH-USD,BUY,1899.11,144,144,0,2026-01-01T00:13:51Z
order_00001227,batch_0003,trader_0008,ETH-USD,BUY,1898.47,321,321,0,2026-01-01T00:20:26Z
order_00001422,batch_0003,trader_0002,ETH-USD,BUY,1897.24,809,809,0,2026-01-01T00:23:41Z
order_00000925,batch_0003,trader_0018,ETH-USD,BUY,1896.46,673,673,0,2026-01-01T00:15:24Z
order_00000838,batch_0003,trader_0021,ETH-USD,BUY,1896.43,116,116,0,2026-01-01T00:13:57Z
order_00000696,batch_0003,trader_0013,ETH-USD,BUY,1896.19,578,578,0,2026-01-01T00:11:35Z
order_00001035,batch_0003,trader_0002,ETH-USD,BUY,1896.12,784,784,0,2026-01-01T00:17:14Z
order_00001346,batch_0003,trader_0016,ETH-USD,BUY,1894.86,270,270,0,2026-01-01T00:22:25Z
order_00001519,batch_0003,trader_0017,ETH-USD,BUY,1894.48,310,310,0,2026-01-01T00:25:18Z
order_00001420,batch_0003,trader_0014,ETH-USD,BUY,1894.39,116,116,0,2026-01-01T00:23:39Z
order_00001331,batch_0003,trader_0008,ETH-USD,BUY,1893.94,205,205,0,2026-01-01T00:22:10Z
order_00000636,batch_0003,trader_0024,ETH-USD,BUY,1893.66,297,297,0,2026-01-01T00:10:35Z
order_00001284,batch_0003,trader_0003,ETH-USD,BUY,1893.01,785,785,0,2026-01-01T00:21:23Z
order_00001201,batch_0003,trader_0009,ETH-USD,BUY,1891.06,842,842,0,2026-01-01T00:20:00Z
order_00000779,batch_0003,trader_0010,ETH-USD,BUY,1889.94,282,282,0,2026-01-01T00:12:58Z
order_00001129,batch_0003,trader_0011,ETH-USD,BUY,1888.7,675,675,0,2026-01-01T00:18:48Z
order_00001182,batch_0003,trader_0007,ETH-USD,BUY,1888.48,358,358,0,2026-01-01T00:19:41Z
order_00001217,batch_0003,trader_0009,ETH-USD,BUY,1888.32,189,189,0,2026-01-01T00:20:16Z
order_00001485,batch_0003,trader_0002,ETH-USD,BUY,1888.32,715,715,0,2026-01-01T00:24:44Z
order_00001447,batch_0003,trader_0023,ETH-USD,BUY,1888.29,376,376,0,2026-01-01T00:24:06Z
order_00000603,batch_0003,trader_0005,ETH-USD,BUY,1887.65,227,227,0,2026-01-01T00:10:02Z
order_00000934,batch_0003,trader_0017,ETH-USD,BUY,1887.52,617,617,0,2026-01-01T00:15:33Z
order_00001475,batch_0003,trader_0003,ETH-USD,BUY,1886.97,940,940,0,2026-01-01T00:24:34Z
order_00001469,batch_0003,trader_0011,ETH-USD,BUY,1885.93,228,228,0,2026-01-01T00:24:28Z
order_00000953,batch_0003,trader_0023,ETH-USD,BUY,1883.87,272,272,0,2026-01-01T00:15:52Z
order_00001196,batch_0003,trader_0023,ETH-USD,BUY,1882.23,107,107,0,2026-01-01T00:19:55Z
order_00001273,batch_0003,trader_0017,ETH-USD,BUY,1880.94,17,17,0,2026-01-01T00:21:12Z
order_00001444,batch_0003,trader_0016,ETH-USD,BUY,1880.83,33,33,0,2026-01-01T00:24:03Z
order_00001012,batch_0003,trader_0002,ETH-USD,BUY,1880.29,853,853,0,2026-01-01T00:16:51Z
order_00000917,batch_0003,trader_0017,ETH-USD,BUY,1879.78,430,430,0,2026-01-01T00:15:16Z
order_00001221,batch_0003,trader_0019,ETH-USD,BUY,1878.97,101,101,0,2026-01-01T00:20:20Z
order_00001051,batch_0003,trader_0004,ETH-USD,BUY,1877.82,911,911,0,2026-01-01T00:17:30Z
order_00000652,batch_0003,trader_0025,ETH-USD,BUY,1875.27,75,75,0,2026-01-01T00:10:51Z
order_00000913,batch_0003,trader_0009,ETH-USD,BUY,1874.86,931,931,0,2026-01-01T00:15:12Z
order_00001597,batch_0003,trader_0020,ETH-USD,BUY,1871.96,828,828,0,2026-01-01T00:26:36Z
order_00001570,batch_0003,trader_0023,ETH-USD,BUY,1871.55,149,149,0,2026-01-01T00:26:09Z
order_00001328,batch_0003,trader_0011,ETH-USD,BUY,1871.39,954,954,0,2026-01-01T00:22:07Z
order_00001058,batch_0003,trader_0025,ETH-USD,BUY,1867.44,793,793,0,2026-01-01T00:17:37Z
order_00001583,batch_0003,trader_0010,ETH-USD,BUY,1864.53,183,183,0,2026-01-01T00:26:22Z
order_00001500,batch_0003,trader_0024,ETH-USD,BUY,1862.4,383,383,0,2026-01-01T00:24:59Z
order_00001435,batch_0003,trader_0010,ETH-USD,BUY,1862.01,544,544,0,2026-01-01T00:23:54Z
order_00001079,batch_0003,trader_0023,ETH-USD,BUY,1861.25,719,719,0,2026-01-01T00:17:58Z
order_00001403,batch_0003,trader_0018,ETH-USD,BUY,1860.86,20,20,0,2026-01-01T00:23:22Z
order_00001053,batch_0003,trader_0007,ETH-USD,BUY,1860.31,875,875,0,2026-01-01T00:17:32Z
order_00001488,batch_0003,trader_0011,ETH-USD,BUY,1859.2,404,404,0,2026-01-01T00:24:47Z
order_00000646,batch_0003,trader_0015,ETH-USD,BUY,1857.74,725,725,0,2026-01-01T00:10:45Z
order_00000999,batch_0003,trader_0020,ETH-USD,BUY,1857.54,413,413,0,2026-01-01T00:16:38Z
order_00000830,batch_0003,trader_0004,ETH-USD,BUY,1856.01,103,103,0,2026-01-01T00:13:49Z
order_00001209,batch_0003,trader_0013,ETH-USD,BUY,1854.55,226,226,0,2026-01-01T00:20:08Z
order_00001151,batch_0003,trader_0023,ETH-USD,BUY,1853.07,689,689,0,2026-01-01T00:19:10Z
order_00001024,batch_0003,trader_0006,ETH-USD,BUY,1852.93,934,934,0,2026-01-01T00:17:03Z
order_00000889,batch_0003,trader_0010,ETH-USD,BUY,1852.28,988,988,0,2026-01-01T00:14:48Z
order_00001277,batch_0003,trader_0020,ETH-USD,BUY,1852.13,676,676,0,2026-01-01T00:21:16Z
order_00001174,batch_0003,trader_0019,ETH-USD,BUY,1852.03,271,271,0,2026-01-01T00:19:33Z
order_00000857,batch_0003,trader_0025,ETH-USD,BUY,1850.77,381,381,0,2026-01-01T00:14:16Z
order_00000753,batch_0003,trader_0011,ETH-USD,BUY,1846.03,728,728,0,2026-01-01T00:12:32Z
order_00001401,batch_0003,trader_0015,ETH-USD,BUY,1844.14,297,297,0,2026-01-01T00:23:20Z
order_00001591,batch_0003,trader_0024,ETH-USD,BUY,1843.72,60,60,0,2026-01-01T00:26:30Z
order_00001206,batch_0003,trader_0022,ETH-USD,BUY,1842.45,515,515,0,2026-01-01T00:20:05Z
order_00000949,batch_0003,trader_0016,ETH-USD,BUY,1841.64,580,580,0,2026-01-01T00:15:48Z
order_00000863,batch_0003,trader_0019,ETH-USD,BUY,1841.16,792,792,0,2026-01-01T00:14:22Z
order_00001404,batch_0003,trader_0009,ETH-USD,BUY,1840.91,996,996,0,2026-01-01T00:23:23Z
order_00000957,batch_0003,trader_0016,ETH-USD,BUY,1840.57,385,385,0,2026-01-01T00:15:56Z
order_00000632,batch_0003,trader_0002,ETH-USD,BUY,1840.36,69,69,0,2026-01-01T00:10:31Z
order_00001358,batch_0003,trader_0024,ETH-USD,BUY,1838.52,645,645,0,2026-01-01T00:22:37Z
order_00000968,batch_0003,trader_0013,ETH-USD,BUY,1838.37,244,244,0,2026-01-01T00:16:07Z
order_00001098,batch_0003,trader_0011,ETH-USD,BUY,1837.18,751,751,0,2026-01-01T00:18:17Z
order_00001424,batch_0003,trader_0006,ETH-USD,BUY,1835.79,790,790,0,2026-01-01T00:23:43Z
order_00000823,batch_0003,trader_0004,ETH-USD,BUY,1835.73,393,393,0,2026-01-01T00:13:42Z
order_00001582,batch_0003,trader_0004,ETH-USD,BUY,1835.08,943,943,0,2026-01-01T00:26:21Z
order_00000970,batch_0003,trader_0022,ETH-USD,BUY,1835.05,438,438,0,2026-01-01T00:16:09Z
order_00000649,batch_0003,trader_0015,ETH-USD,BUY,1831.63,663,663,0,2026-01-01T00:10:48Z
order_00000682,batch_0003,trader_0013,ETH-USD,BUY,1831.61,407,407,0,2026-01-01T00:11:21Z
order_00000870,batch_0003,trader_0012,ETH-USD,BUY,1831.15,846,846,0,2026-01-01T00:14:29Z
order_00000950,batch_0003,trader_0012,ETH-USD,BUY,1831.12,764,764,0,2026-01-01T00:15:49Z
order_00000907,batch_0003,trader_0003,ETH-USD,BUY,1829.99,833,833,0,2026-01-01T00:15:06Z
order_00001172,batch_0003,trader_0006,ETH-USD,BUY,1829.79,700,700,0,2026-01-01T00:19:31Z
order_00000959,batch_0003,trader_0002,ETH-USD,BUY,1829.48,463,463,0,2026-01-01T00:15:58Z
order_00001220,batch_0003,trader_0022,ETH-USD,BUY,1829.26,563,563,0,2026-01-01T00:20:19Z
order_00001312,batch_0003,trader_0003,ETH-USD,BUY,1827.45,721,721,0,2026-01-01T00:21:51Z
order_00001323,batch_0003,trader_0021,ETH-USD,BUY,1827.02,265,265,0,2026-01-01T00:22:02Z
order_00000843,batch_0003,trader_0009,ETH-USD,BUY,1827.01,602,602,0,2026-01-01T00:14:02Z
order_00001443,batch_0003,trader_0005,ETH-USD,BUY,1826.67,675,675,0,2026-01-01T00:24:02Z
order_00000844,batch_0003,trader_0013,ETH-USD,BUY,1824.19,945,945,0,2026-01-01T00:14:03Z
order_00001357,batch_0003,trader_0009,ETH-USD,BUY,1824.01,168,168,0,2026-01-01T00:22:36Z
order_00001479,batch_0003,trader_0025,ETH-USD,BUY,1822.37,799,799,0,2026-01-01T00:24:38Z
order_00000853,batch_0003,trader_0022,ETH-USD,BUY,1822.01,624,624,0,2026-01-01T00:14:12Z
order_00001419,batch_0003,trader_0022,ETH-USD,BUY,1820.84,909,909,0,2026-01-01T00:23:38Z
order_00001013,batch_0003,trader_0012,ETH-USD,BUY,1820.22,468,468,0,2026-01-01T00:16:52Z
order_00000662,batch_0003,trader_0008,ETH-USD,BUY,1818.29,424,424,0,2026-01-01T00:11:01Z
order_00000617,batch_0003,trader_0012,ETH-USD,BUY,1818.12,75,75,0,2026-01-01T00:10:16Z
order_00000976,batch_0003,trader_0015,ETH-USD,BUY,1817.85,457,457,0,2026-01-01T00:16:15Z
order_00001568,batch_0003,trader_0006,ETH-USD,BUY,1817.56,390,390,0,2026-01-01T00:26:07Z
order_00001417,batch_0003,trader_0018,ETH-USD,BUY,1816.87,746,746,0,2026-01-01T00:23:36Z
order_00001263,batch_0003,trader_0019,ETH-USD,BUY,1815.68,525,525,0,2026-01-01T00:21:02Z
order_00001039,batch_0003,trader_0023,ETH-USD,BUY,1814.13,755,755,0,2026-01-01T00:17:18Z
order_00000914,batch_0003,trader_0020,ETH-USD,BUY,1813.86,153,153,0,2026-01-01T00:15:13Z
order_00001341,batch_0003,trader_0012,ETH-USD,BUY,1813.03,554,554,0,2026-01-01T00:22:20Z
order_00001543,batch_0003,trader_0025,ETH-USD,BUY,1812.89,232,232,0,2026-01-01T00:25:42Z
order_00001408,batch_0003,trader_0003,ETH-USD,BUY,1812.69,811,811,0,2026-01-01T00:23:27Z
order_00000922,batch_0003,trader_0025,ETH-USD,BUY,1811.72,225,225,0,2026-01-01T00:15:21Z
order_00001537,batch_0003,trader_0020,ETH-USD,BUY,1810.48,190,190,0,2026-01-01T00:25:36Z
order_00000879,batch_0003,trader_0018,ETH-USD,BUY,1809.56,420,420,0,2026-01-01T00:14:38Z
order_00001373,batch_0003,trader_0024,ETH-USD,BUY,1809.24,875,875,0,2026-01-01T00:22:52Z
order_00001077,batch_0003,trader_0023,ETH-USD,BUY,1807.9,857,857,0,2026-01-01T00:17:56Z
order_00001512,batch_0003,trader_0021,ETH-USD,BUY,1807.63,111,111,0,2026-01-01T00:25:11Z
order_00001088,batch_0003,trader_0003,ETH-USD,BUY,1805.1,3,3,0,2026-01-01T00:18:07Z
order_00000992,batch_0003,trader_0023,ETH-USD,BUY,1804.95,895,895,0,2026-01-01T00:16:31Z
order_00001108,batch_0003,trader_0022,ETH-USD,BUY,1804.94,322,322,0,2026-01-01T00:18:27Z
order_00001353,batch_0003,trader_0014,ETH-USD,BUY,1803.9,826,826,0,2026-01-01T00:22:32Z
order_00001057,batch_0003,trader_0009,ETH-USD,BUY,1801.89,60,60,0,2026-01-01T00:17:36Z
order_00001242,batch_0003,trader_0015,ETH-USD,SELL,2005.65,776,9,767,2026-01-01T00:20:41Z
order_00001008,batch_0003,trader_0012,ETH-USD,SELL,2006.6,778,778,0,2026-01-01T00:16:47Z
order_00000856,batch_0003,trader_0024,ETH-USD,SELL,2006.89,536,536,0,2026-01-01T00:14:15Z
order_00001343,batch_0003,trader_0011,ETH-USD,SELL,2007.28,716,716,0,2026-01-01T00:22:22Z
order_00001553,batch_0003,trader_0013,ETH-USD,SELL,2007.48,252,252,0,2026-01-01T00:25:52Z
order_00001596,batch_0003,trader_0021,ETH-USD,SELL,2007.88,509,509,0,2026-01-01T00:26:35Z
order_00001287,batch_0003,trader_0013,ETH-USD,SELL,2007.9,121,121,0,2026-01-01T00:21:26Z
order_00001279,batch_0003,trader_0012,ETH-USD,SELL,2008.82,442,442,0,2026-01-01T00:21:18Z
order_00000981,batch_0003,trader_0018,ETH-USD,SELL,2009.03,839,839,0,2026-01-01T00:16:20Z
order_00001085,batch_0003,trader_0007,ETH-USD,SELL,2009.26,852,852,0,2026-01-01T00:18:04Z
order_00001566,batch_0003,trader_0013,ETH-USD,SELL,2009.53,88,88,0,2026-01-01T00:26:05Z
order_00000643,batch_0003,trader_0023,ETH-USD,SELL,2009.79,805,805,0,2026-01-01T00:10:42Z
order_00001340,batch_0003,trader_0014,ETH-USD,SELL,2010.29,56,56,0,2026-01-01T00:22:19Z
order_00000938,batch_0003,trader_0012,ETH-USD,SELL,2010.52,867,867,0,2026-01-01T00:15:37Z
order_00000763,batch_0003,trader_0021,ETH-USD,SELL,2011.09,502,502,0,2026-01-01T00:12:42Z
order_00000625,batch_0003,trader_0024,ETH-USD,SELL,2011.54,403,403,0,2026-01-01T00:10:24Z
order_00001280,batch_0003,trader_0008,ETH-USD,SELL,2011.93,715,715,0,2026-01-01T00:21:19Z
order_00001052,batch_0003,trader_0014,ETH-USD,SELL,2011.94,391,391,0,2026-01-01T00:17:31Z
order_00001139,batch_0003,trader_0002,ETH-USD,SELL,2012.15,5,5,0,2026-01-01T00:18:58Z
order_00001184,batch_0003,trader_0018,ETH-USD,SELL,2012.2,634,634,0,2026-01-01T00:19:43Z
order_00000806,batch_0003,trader_0007,ETH-USD,SELL,2013.77,815,815,0,2026-01-01T00:13:25Z
order_00001041,batch_0003,trader_0016,ETH-USD,SELL,2013.85,703,703,0,2026-01-01T00:17:20Z
order_00000650,batch_0003,trader_0007,ETH-USD,SELL,2014.25,95,95,0,2026-01-01T00:10:49Z
order_00000739,batch_0003,trader_0021,ETH-USD,SELL,2014.76,832,832,0,2026-01-01T00:12:18Z
order_00001214,batch_0003,trader_0003,ETH-USD,SELL,2014.86,404,404,0,2026-01-01T00:20:13Z
order_00000792,batch_0003,trader_0011,ETH-USD,SELL,2015.51,612,612,0,2026-01-01T00:13:11Z
order_00001484,batch_0003,trader_0005,ETH-USD,SELL,2015.97,327,327,0,2026-01-01T00:24:43Z
order_00000967,batch_0003,trader_0022,ETH-USD,SELL,2016.05,748,748,0,2026-01-01T00:16:06Z
order_00001410,batch_0003,trader_0006,ETH-USD,SELL,2017.28,74,74,0,2026-01-01T00:23:29Z
order_00001210,batch_0003,trader_0021,ETH-USD,SELL,2018.29,870,870,0,2026-01-01T00:20:09Z
order_00001505,batch_0003,trader_0025,ETH-USD,SELL,2018.57,209,209,0,2026-01-01T00:25:04Z
order_00001588,batch_0003,trader_0010,ETH-USD,SELL,2020.19,864,864,0,2026-01-01T00:26:27Z
order_00001298,batch_0003,trader_0023,ETH-USD,SELL,2020.23,821,821,0,2026-01-01T00:21:37Z
order_00001441,batch_0003,trader_0020,ETH-USD,SELL,2020.59,785,785,0,2026-01-01T00:24:00Z
order_00001292,batch_0003,trader_0018,ETH-USD,SELL,2020.84,424,424,0,2026-01-01T00:21:31Z
order_00001149,batch_0003,trader_0007,ETH-USD,SELL,2021.43,958,958,0,2026-01-01T00:19:08Z
order_00000772,batch_0003,trader_0016,ETH-USD,SELL,2021.97,178,178,0,2026-01-01T00:12:51Z
order_00001471,batch_0003,trader_0019,ETH-USD,SELL,2022.53,524,524,0,2026-01-01T00:24:30Z
order_00001554,batch_0003,trader_0017,ETH-USD,SELL,2023.08,41,41,0,2026-01-01T00:25:53Z
order_00000653,batch_0003,trader_0016,ETH-USD,SELL,2023.54,688,688,0,2026-01-01T00:10:52Z
order_00001162,batch_0003,trader_0008,ETH-USD,SELL,2024.75,758,758,0,2026-01-01T00:19:21Z
order_00001386,batch_0003,trader_0017,ETH-USD,SELL,2025.59,899,899,0,2026-01-01T00:23:05Z
order_00001538,batch_0003,trader_0008,ETH-USD,SELL,2026.82,621,621,0,2026-01-01T00:25:37Z
order_00000931,batch_0003,trader_0005,ETH-USD,SELL,2027.06,971,971,0,2026-01-01T00:15:30Z
order_00001011,batch_0003,trader_0006,ETH-USD,SELL,2027.47,901,901,0,2026-01-01T00:16:50Z
order_00000610,batch_0003,trader_0005,ETH-USD,SELL,2029.08,208,208,0,2026-01-01T00:10:09Z
order_00001089,batch_0003,trader_0016,ETH-USD,SELL,2029.66,856,856,0,2026-01-01T00:18:08Z
order_00000927,batch_0003,trader_0013,ETH-USD,SELL,2030.28,225,225,0,2026-01-01T00:15:26Z
order_00001109,batch_0003,trader_0019,ETH-USD,SELL,2030.66,762,762,0,2026-01-01T00:18:28Z
order_00001581,batch_0003,trader_0020,ETH-USD,SELL,2031.24,684,684,0,2026-01-01T00:26:20Z
order_00000745,batch_0003,trader_0019,ETH-USD,SELL,2032.21,572,572,0,2026-01-01T00:12:24Z
order_00001235,batch_0003,trader_0013,ETH-USD,SELL,2032.76,833,833,0,2026-01-01T00:20:34Z
order_00000612,batch_0003,trader_0003,ETH-USD,SELL,2033.26,735,735,0,2026-01-01T00:10:11Z
order_00001311,batch_0003,trader_0017,ETH-USD,SELL,2034.43,416,416,0,2026-01-01T00:21:50Z
order_00000849,batch_0003,trader_0025,ETH-USD,SELL,2034.57,401,401,0,2026-01-01T00:14:08Z
order_00001252,batch_0003,trader_0003,ETH-USD,SELL,2035.07,375,375,0,2026-01-01T00:20:51Z
order_00000930,batch_0003,trader_0023,ETH-USD,SELL,2036.62,936,936,0,2026-01-01T00:15:29Z
order_00000888,batch_0003,trader_0002,ETH-USD,SELL,2036.76,77,77,0,2026-01-01T00:14:47Z
order_00000720,batch_0003,trader_0007,ETH-USD,SELL,2037.52,508,508,0,2026-01-01T00:11:59Z
order_00001385,batch_0003,trader_0021,ETH-USD,SELL,2039.03,606,606,0,2026-01-01T00:23:04Z
order_00000637,batch_0003,trader_0022,ETH-USD,SELL,2039.17,592,592,0,2026-01-01T00:10:36Z
order_00001265,batch_0003,trader_0019,ETH-USD,SELL,2039.74,416,416,0,2026-01-01T00:21:04Z
order_00001482,batch_0003,trader_0001,ETH-USD,SELL,2040.92,870,870,0,2026-01-01T00:24:41Z
order_00001123,batch_0003,trader_0020,ETH-USD,SELL,2041.68,811,811,0,2026-01-01T00:18:42Z
order_00001526,batch_0003,trader_0015,ETH-USD,SELL,2042.15,932,932,0,2026-01-01T00:25:25Z
order_00001575,batch_0003,trader_0016,ETH-USD,SELL,2043.19,6,6,0,2026-01-01T00:26:14Z
order_00001464,batch_0003,trader_0019,ETH-USD,SELL,2043.37,332,332,0,2026-01-01T00:24:23Z
order_00000998,batch_0003,trader_0002,ETH-USD,SELL,2043.58,586,586,0,2026-01-01T00:16:37Z
order_00001031,batch_0003,trader_0010,ETH-USD,SELL,2043.62,609,609,0,2026-01-01T00:17:10Z
order_00001104,batch_0003,trader_0025,ETH-USD,SELL,2044.53,186,186,0,2026-01-01T00:18:23Z
order_00001365,batch_0003,trader_0015,ETH-USD,SELL,2045.47,391,391,0,2026-01-01T00:22:44Z
order_00001308,batch_0003,trader_0022,ETH-USD,SELL,2046.08,238,238,0,2026-01-01T00:21:47Z
order_00000790,batch_0003,trader_0007,ETH-USD,SELL,2046.46,170,170,0,2026-01-01T00:13:09Z
order_00001270,batch_0003,trader_0017,ETH-USD,SELL,2049.28,187,187,0,2026-01-01T00:21:09Z
order_00001446,batch_0003,trader_0019,ETH-USD,SELL,2049.59,539,539,0,2026-01-01T00:24:05Z
order_00001572,batch_0003,trader_0004,ETH-USD,SELL,2050.58,296,296,0,2026-01-01T00:26:11Z
order_00001194,batch_0003,trader_0007,ETH-USD,SELL,2050.77,8,8,0,2026-01-01T00:19:53Z
order_00000734,batch_0003,trader_0008,ETH-USD,SELL,2053.33,143,143,0,2026-01-01T00:12:13Z
order_00000951,batch_0003,trader_0003,ETH-USD,SELL,2054.47,172,172,0,2026-01-01T00:15:50Z
order_00000952,batch_0003,trader_0011,ETH-USD,SELL,2055.64,687,687,0,2026-01-01T00:15:51Z
order_00000757,batch_0003,trader_0014,ETH-USD,SELL,2056.19,191,191,0,2026-01-01T00:12:36Z
order_00000850,batch_0003,trader_0010,ETH-USD,SELL,2057.26,698,698,0,2026-01-01T00:14:09Z
order_00001231,batch_0003,trader_0003,ETH-USD,SELL,2058.22,180,180,0,2026-01-01T00:20:30Z
order_00000741,batch_0003,trader_0002,ETH-USD,SELL,2058.8,171,171,0,2026-01-01T00:12:20Z
order_00001399,batch_0003,trader_0018,ETH-USD,SELL,2059.38,292,292,0,2026-01-01T00:23:18Z
order_00000814,batch_0003,trader_0006,ETH-USD,SELL,2060.0,904,904,0,2026-01-01T00:13:33Z
order_00000827,batch_0003,trader_0015,ETH-USD,SELL,2060.01,625,625,0,2026-01-01T00:13:46Z
order_00000958,batch_0003,trader_0022,ETH-USD,SELL,2060.39,592,592,0,2026-01-01T00:15:57Z
order_00001034,batch_0003,trader_0007,ETH-USD,SELL,2060.59,914,914,0,2026-01-01T00:17:13Z
order_00001022,batch_0003,trader_0017,ETH-USD,SELL,2060.63,276,276,0,2026-01-01T00:17:01Z
order_00001527,batch_0003,trader_0019,ETH-USD,SELL,2060.99,212,212,0,2026-01-01T00:25:26Z
order_00001121,batch_0003,trader_0004,ETH-USD,SELL,2061.35,764,764,0,2026-01-01T00:18:40Z
order_00001043,batch_0003,trader_0018,ETH-USD,SELL,2063.05,861,861,0,2026-01-01T00:17:22Z
order_00000606,batch_0003,trader_0007,ETH-USD,SELL,2065.64,822,822,0,2026-01-01T00:10:05Z
order_00000805,batch_0003,trader_0012,ETH-USD,SELL,2065.66,651,651,0,2026-01-01T00:13:24Z
order_00000944,batch_0003,trader_0006,ETH-USD,SELL,2066.21,229,229,0,2026-01-01T00:15:43Z
order_00001415,batch_0003,trader_0007,ETH-USD,SELL,2066.4,534,534,0,2026-01-01T00:23:34Z
order_00000627,batch_0003,trader_0018,ETH-USD,SELL,2069.4,475,475,0,2026-01-01T00:10:26Z
order_00000679,batch_0003,trader_0006,ETH-USD,SELL,2069.61,715,715,0,2026-01-01T00:11:18Z
order_00001344,batch_0003,trader_0013,ETH-USD,SELL,2069.64,13,13,0,2026-01-01T00:22:23Z
order_00001458,batch_0003,trader_0023,ETH-USD,SELL,2069.8,367,367,0,2026-01-01T00:24:17Z
order_00001324,batch_0003,trader_0008,ETH-USD,SELL,2070.77,226,226,0,2026-01-01T00:22:03Z
order_00000742,batch_0003,trader_0013,ETH-USD,SELL,2070.99,661,661,0,2026-01-01T00:12:21Z
order_00000641,batch_0003,trader_0018,ETH-USD,SELL,2071.5,642,642,0,2026-01-01T00:10:40Z
order_00000730,batch_0003,trader_0018,ETH-USD,SELL,2072.69,185,185,0,2026-01-01T00:12:09Z
order_00001166,batch_0003,trader_0018,ETH-USD,SELL,2074.06,1000,1000,0,2026-01-01T00:19:25Z
order_00000716,batch_0003,trader_0006,ETH-USD,SELL,2074.13,174,174,0,2026-01-01T00:11:55Z
order_00001350,batch_0003,trader_0004,ETH-USD,SELL,2074.4,590,590,0,2026-01-01T00:22:29Z
order_00000829,batch_0003,trader_0007,ETH-USD,SELL,2074.63,631,631,0,2026-01-01T00:13:48Z
order_00001539,batch_0003,trader_0012,ETH-USD,SELL,2074.95,237,237,0,2026-01-01T00:25:38Z
order_00001547,batch_0003,trader_0015,ETH-USD,SELL,2075.15,502,502,0,2026-01-01T00:25:46Z
order_00001225,batch_0003,trader_0005,ETH-USD,SELL,2077.38,314,314,0,2026-01-01T00:20:24Z
order_00000822,batch_0003,trader_0016,ETH-USD,SELL,2077.61,433,433,0,2026-01-01T00:13:41Z
order_00001164,batch_0003,trader_0023,ETH-USD,SELL,2078.45,818,818,0,2026-01-01T00:19:23Z
order_00001432,batch_0003,trader_0007,ETH-USD,SELL,2078.82,556,556,0,2026-01-01T00:23:51Z
order_00001584,batch_0003,trader_0019,ETH-USD,SELL,2079.94,709,709,0,2026-01-01T00:26:23Z
order_00001402,batch_0003,trader_0016,ETH-USD,SELL,2080.19,279,279,0,2026-01-01T00:23:21Z
order_00001111,batch_0003,trader_0004,ETH-USD,SELL,2080.23,705,705,0,2026-01-01T00:18:30Z
order_00001205,batch_0003,trader_0003,ETH-USD,SELL,2080.35,47,47,0,2026-01-01T00:20:04Z
order_00001148,batch_0003,trader_0011,ETH-USD,SELL,2080.6,864,864,0,2026-01-01T00:19:07Z
order_00001131,batch_0003,trader_0002,ETH-USD,SELL,2080.84,383,383,0,2026-01-01T00:18:50Z
order_00001477,batch_0003,trader_0004,ETH-USD,SELL,2081.14,707,707,0,2026-01-01T00:24:36Z
order_00000608,batch_0003,trader_0003,ETH-USD,SELL,2081.51,541,541,0,2026-01-01T00:10:07Z
order_00000939,batch_0003,trader_0022,ETH-USD,SELL,2081.82,383,383,0,2026-01-01T00:15:38Z
order_00001169,batch_0003,trader_0012,ETH-USD,SELL,2083.82,722,722,0,2026-01-01T00:19:28Z
order_00001153,batch_0003,trader_0025,ETH-USD,SELL,2084.14,331,331,0,2026-01-01T00:19:12Z
order_00000884,batch_0003,trader_0003,ETH-USD,SELL,2084.66,146,146,0,2026-01-01T00:14:43Z
order_00001541,batch_0003,trader_0012,ETH-USD,SELL,2084.81,481,481,0,2026-01-01T00:25:40Z
order_00000860,batch_0003,trader_0019,ETH-USD,SELL,2084.93,270,270,0,2026-01-01T00:14:19Z
order_00000845,batch_0003,trader_0025,ETH-USD,SELL,2085.05,644,644,0,2026-01-01T00:14:04Z
order_00001026,batch_0003,trader_0023,ETH-USD,SELL,2085.1,313,313,0,2026-01-01T00:17:05Z
order_00000919,batch_0003,trader_0016,ETH-USD,SELL,2085.35,801,801,0,2026-01-01T00:15:18Z
order_00001128,batch_0003,trader_0004,ETH-USD,SELL,2086.37,373,373,0,2026-01-01T00:18:47Z
order_00000936,batch_0003,trader_0011,ETH-USD,SELL,2086.78,349,349,0,2026-01-01T00:15:35Z
order_00001266,batch_0003,trader_0022,ETH-USD,SELL,2087.82,900,900,0,2026-01-01T00:21:05Z
order_00001439,batch_0003,trader_0022,ETH-USD,SELL,2088.4,329,329,0,2026-01-01T00:23:58Z
order_00001523,batch_0003,trader_0017,ETH-USD,SELL,2091.96,90,90,0,2026-01-01T00:25:22Z
order_00001142,batch_0003,trader_0005,ETH-USD,SELL,2092.2,178,178,0,2026-01-01T00:19:01Z
order_00000804,batch_0003,trader_0024,ETH-USD,SELL,2093.09,868,868,0,2026-01-01T00:13:23Z
order_00001239,batch_0003,trader_0010,ETH-USD,SELL,2093.29,604,604,0,2026-01-01T00:20:38Z
order_00001244,batch_0003,trader_0016,ETH-USD,SELL,2094.37,150,150,0,2026-01-01T00:20:43Z
order_00000926,batch_0003,trader_0025,ETH-USD,SELL,2094.82,940,940,0,2026-01-01T00:15:25Z
order_00001170,batch_0003,trader_0007,ETH-USD,SELL,2095.38,560,560,0,2026-01-01T00:19:29Z
order_00001501,batch_0003,trader_0008,ETH-USD,SELL,2095.83,116,116,0,2026-01-01T00:25:00Z
order_00000868,batch_0003,trader_0014,ETH-USD,SELL,2096.27,732,732,0,2026-01-01T00:14:27Z
order_00001001,batch_0003,trader_0009,ETH-USD,SELL,2098.3,51,51,0,2026-01-01T00:16:40Z
order_00001457,batch_0003,trader_0025,ETH-USD,SELL,2098.44,426,426,0,2026-01-01T00:24:16Z
order_00001198,batch_0003,trader_0005,ETH-USD,SELL,2098.76,74,74,0,2026-01-01T00:19:57Z
order_00001155,batch_0003,trader_0018,ETH-USD,SELL,2099.15,691,691,0,2026-01-01T00:19:14Z
order_00000902,batch_0003,trader_0008,ETH-USD,SELL,2099.23,570,570,0,2026-01-01T00:15:01Z
order_00001219,batch_0003,trader_0018,ETH-USD,SELL,2100.42,872,872,0,2026-01-01T00:20:18Z
order_00000785,batch_0003,trader_0010,ETH-USD,SELL,2100.54,670,670,0,2026-01-01T00:13:04Z
order_00001116,batch_0003,trader_0011,ETH-USD,SELL,2100.57,77,77,0,2026-01-01T00:18:35Z
order_00000607,batch_0003,trader_0003,ETH-USD,SELL,2101.9,697,697,0,2026-01-01T00:10:06Z
order_00001392,batch_0003,trader_0010,ETH-USD,SELL,2102.19,970,970,0,2026-01-01T00:23:11Z
order_00000881,batch_0003,trader_0013,ETH-USD,SELL,2103.57,2,2,0,2026-01-01T00:14:40Z
order_00000685,batch_0003,trader_0003,ETH-USD,SELL,2103.83,666,666,0,2026-01-01T00:11:24Z
order_00001491,batch_0003,trader_0016,ETH-USD,SELL,2104.81,134,134,0,2026-01-01T00:24:50Z
order_00001463,batch_0003,trader_0014,ETH-USD,SELL,2105.67,423,423,0,2026-01-01T00:24:22Z
order_00001465,batch_0003,trader_0024,ETH-USD,SELL,2106.28,385,385,0,2026-01-01T00:24:24Z
order_00000740,batch_0003,trader_0022,ETH-USD,SELL,2107.58,112,112,0,2026-01-01T00:12:19Z
order_00000895,batch_0003,trader_0015,ETH-USD,SELL,2108.13,988,988,0,2026-01-01T00:14:54Z
order_00001190,batch_0003,trader_0017,ETH-USD,SELL,2108.2,842,842,0,2026-01-01T00:19:49Z
order_00001364,batch_0003,trader_0015,ETH-USD,SELL,2109.9,500,500,0,2026-01-01T00:22:43Z
order_00001197,batch_0003,trader_0021,ETH-USD,SELL,2110.08,760,760,0,2026-01-01T00:19:56Z
order_00000877,batch_0003,trader_0024,ETH-USD,SELL,2110.35,792,792,0,2026-01-01T00:14:36Z
order_00000993,batch_0003,trader_0004,ETH-USD,SELL,2112.67,536,536,0,2026-01-01T00:16:32Z
order_00001179,batch_0003,trader_0011,ETH-USD,SELL,2113.61,75,75,0,2026-01-01T00:19:38Z
order_00000688,batch_0003,trader_0019,ETH-USD,SELL,2113.75,661,661,0,2026-01-01T00:11:27Z
order_00001355,batch_0003,trader_0010,ETH-USD,SELL,2114.13,324,324,0,2026-01-01T00:22:34Z
order_00000996,batch_0003,trader_0018,ETH-USD,SELL,2114.3,104,104,0,2026-01-01T00:16:35Z
order_00001281,batch_0003,trader_0013,ETH-USD,SELL,2115.82,494,494,0,2026-01-01T00:21:20Z
order_00001009,batch_0003,trader_0003,ETH-USD,SELL,2116.6,528,528,0,2026-01-01T00:16:48Z
order_00001319,batch_0003,trader_0009,ETH-USD,SELL,2117.36,833,833,0,2026-01-01T00:21:58Z
order_00000878,batch_0003,trader_0005,ETH-USD,SELL,2118.39,779,779,0,2026-01-01T00:14:37Z
order_00001564,batch_0003,trader_0023,ETH-USD,SELL,2118.59,729,729,0,2026-01-01T00:26:03Z
order_00001600,batch_0003,trader_0014,ETH-USD,SELL,2119.83,213,213,0,2026-01-01T00:26:39Z
order_00000754,batch_0003,trader_0024,ETH-USD,SELL,2120.02,694,694,0,2026-01-01T00:12:33Z
order_00001288,batch_0003,trader_0014,ETH-USD,SELL,2121.71,705,705,0,2026-01-01T00:21:27Z
order_00000615,batch_0003,trader_0024,ETH-USD,SELL,2122.77,689,689,0,2026-01-01T00:10:14Z
order_00000859,batch_0003,trader_0009,ETH-USD,SELL,2122.84,344,344,0,2026-01-01T00:14:18Z
order_00001226,batch_0003,trader_0014,ETH-USD,SELL,2123.08,374,374,0,2026-01-01T00:20:25Z
order_00000613,batch_0003,trader_0015,ETH-USD,SELL,2123.48,457,457,0,2026-01-01T00:10:12Z
order_00000630,batch_0003,trader_0014,ETH-USD,SELL,2123.79,33,33,0,2026-01-01T00:10:29Z
order_00001036,batch_0003,trader_0013,ETH-USD,SELL,2124.01,822,822,0,2026-01-01T00:17:15Z
order_00001259,batch_0003,trader_0024,ETH-USD,SELL,2124.47,425,425,0,2026-01-01T00:20:58Z
order_00001254,batch_0003,trader_0012,ETH-USD,SELL,2126.89,362,362,0,2026-01-01T00:20:53Z
order_00000911,batch_0003,trader_0013,ETH-USD,SELL,2128.67,444,444,0,2026-01-01T00:15:10Z
order_00001451,batch_0003,trader_0023,ETH-USD,SELL,2128.81,426,426,0,2026-01-01T00:24:10Z
order_00001232,batch_0003,trader_0018,ETH-USD,SELL,2130.58,880,880,0,2026-01-01T00:20:31Z
order_00001250,batch_0003,trader_0024,ETH-USD,SELL,2131.86,649,649,0,2026-01-01T00:20:49Z
order_00001313,batch_0003,trader_0019,ETH-USD,SELL,2131.91,744,744,0,2026-01-01T00:21:52Z
order_00001082,batch_0003,trader_0004,ETH-USD,SELL,2132.26,429,429,0,2026-01-01T00:18:01Z
order_00001326,batch_0003,trader_0008,ETH-USD,SELL,2132.87,718,718,0,2026-01-01T00:22:05Z
order_00001063,batch_0003,trader_0007,ETH-USD,SELL,2133.29,776,776,0,2026-01-01T00:17:42Z
order_00001261,batch_0003,trader_0001,ETH-USD,SELL,2133.35,663,663,0,2026-01-01T00:21:00Z
order_00000932,batch_0003,trader_0016,ETH-USD,SELL,2134.68,193,193,0,2026-01-01T00:15:31Z
order_00001140,batch_0003,trader_0016,ETH-USD,SELL,2135.53,444,444,0,2026-01-01T00:18:59Z
order_00001115,batch_0003,trader_0016,ETH-USD,SELL,2139.54,518,518,0,2026-01-01T00:18:34Z
order_00001049,batch_0003,trader_0016,ETH-USD,SELL,2140.49,475,475,0,2026-01-01T00:17:28Z
order_00001438,batch_0003,trader_0025,ETH-USD,SELL,2142.73,635,635,0,2026-01-01T00:23:57Z
order_00000789,batch_0003,trader_0020,ETH-USD,SELL,2144.42,360,360,0,2026-01-01T00:13:08Z
order_00000635,batch_0003,trader_0002,ETH-USD,SELL,2145.49,773,773,0,2026-01-01T00:10:34Z
order_00000796,batch_0003,trader_0005,ETH-USD,SELL,2146.82,284,284,0,2026-01-01T00:13:15Z
order_00001268,batch_0003,trader_0006,ETH-USD,SELL,2146.92,483,483,0,2026-01-01T00:21:07Z
order_00001366,batch_0003,trader_0021,ETH-USD,SELL,2147.3,149,149,0,2026-01-01T00:22:45Z
order_00001004,batch_0003,trader_0005,ETH-USD,SELL,2147.56,996,996,0,2026-01-01T00:16:43Z
order_00001481,batch_0003,trader_0008,ETH-USD,SELL,2147.91,124,124,0,2026-01-01T00:24:40Z
order_00001168,batch_0003,trader_0008,ETH-USD,SELL,2148.05,882,882,0,2026-01-01T00:19:27Z
order_00001569,batch_0003,trader_0005,ETH-USD,SELL,2148.52,580,580,0,2026-01-01T00:26:08Z
order_00000761,batch_0003,trader_0006,ETH-USD,SELL,2148.79,819,819,0,2026-01-01T00:12:40Z
order_00001524,batch_0003,trader_0022,ETH-USD,SELL,2149.08,628,628,0,2026-01-01T00:25:23Z
order_00001551,batch_0003,trader_0002,ETH-USD,SELL,2150.31,657,657,0,2026-01-01T00:25:50Z
order_00000835,batch_0003,trader_0007,ETH-USD,SELL,2150.33,675,675,0,2026-01-01T00:13:54Z
order_00000631,batch_0003,trader_0001,ETH-USD,SELL,2153.5,959,959,0,2026-01-01T00:10:30Z
order_00001101,batch_0003,trader_0006,ETH-USD,SELL,2154.45,665,665,0,2026-01-01T00:18:20Z
order_00000858,batch_0003,trader_0025,ETH-USD,SELL,2154.57,751,751,0,2026-01-01T00:14:17Z
order_00000839,batch_0003,trader_0001,ETH-USD,SELL,2155.49,541,541,0,2026-01-01T00:13:58Z
order_00001560,batch_0003,trader_0018,ETH-USD,SELL,2157.73,961,961,0,2026-01-01T00:25:59Z
order_00001027,batch_0003,trader_0012,ETH-USD,SELL,2158.19,434,434,0,2026-01-01T00:17:06Z
order_00001278,batch_0003,trader_0025,ETH-USD,SELL,2158.79,2,2,0,2026-01-01T00:21:17Z
order_00000692,batch_0003,trader_0019,ETH-USD,SELL,2159.72,288,288,0,2026-01-01T00:11:31Z
order_00001091,batch_0003,trader_0021,ETH-USD,SELL,2161.91,104,104,0,2026-01-01T00:18:10Z
order_00000715,batch_0003,trader_0008,ETH-USD,SELL,2162.08,573,573,0,2026-01-01T00:11:54Z
order_00001236,batch_0003,trader_0018,ETH-USD,SELL,2162.52,218,218,0,2026-01-01T00:20:35Z
order_00001368,batch_0003,trader_0003,ETH-USD,SELL,2162.83,870,870,0,2026-01-01T00:22:47Z
order_00001247,batch_0003,trader_0012,ETH-USD,SELL,2163.09,531,531,0,2026-01-01T00:20:46Z
order_00001398,batch_0003,trader_0023,ETH-USD,SELL,2163.98,820,820,0,2026-01-01T00:23:17Z
order_00001188,batch_0003,trader_0004,ETH-USD,SELL,2166.37,391,391,0,2026-01-01T00:19:47Z
order_00001531,batch_0003,trader_0011,ETH-USD,SELL,2166.84,579,579,0,2026-01-01T00:25:30Z
order_00000737,batch_0003,trader_0023,ETH-USD,SELL,2168.16,946,946,0,2026-01-01T00:12:16Z
order_00001141,batch_0003,trader_0006,ETH-USD,SELL,2168.46,800,800,0,2026-01-01T00:19:00Z
order_00001015,batch_0003,trader_0022,ETH-USD,SELL,2169.23,651,651,0,2026-01-01T00:16:54Z
order_00000693,batch_0003,trader_0011,ETH-USD,SELL,2171.51,184,184,0,2026-01-01T00:11:32Z
order_00001330,batch_0003,trader_0007,ETH-USD,SELL,2172.1,700,700,0,2026-01-01T00:22:09Z
order_00001177,batch_0003,trader_0020,ETH-USD,SELL,2172.95,793,793,0,2026-01-01T00:19:36Z
order_00001593,batch_0003,trader_0023,ETH-USD,SELL,2173.56,620,620,0,2026-01-01T00:26:32Z
order_00000802,batch_0003,trader_0012,ETH-USD,SELL,2174.53,712,712,0,2026-01-01T00:13:21Z
order_00000834,batch_0003,trader_0001,ETH-USD,SELL,2176.51,798,798,0,2026-01-01T00:13:53Z
order_00000962,batch_0003,trader_0003,ETH-USD,SELL,2176.73,561,561,0,2026-01-01T00:16:01Z
order_00001212,batch_0003,trader_0018,ETH-USD,SELL,2179.79,981,981,0,2026-01-01T00:20:11Z
order_00001125,batch_0003,trader_0012,ETH-USD,SELL,2180.14,468,468,0,2026-01-01T00:18:44Z
order_00000851,batch_0003,trader_0008,ETH-USD,SELL,2181.37,748,748,0,2026-01-01T00:14:10Z
order_00000701,batch_0003,trader_0013,ETH-USD,SELL,2181.94,629,629,0,2026-01-01T00:11:40Z
order_00001325,batch_0003,trader_0017,ETH-USD,SELL,2182.18,423,423,0,2026-01-01T00:22:04Z
order_00001187,batch_0003,trader_0022,ETH-USD,SELL,2183.56,250,250,0,2026-01-01T00:19:46Z
order_00000795,batch_0003,trader_0014,ETH-USD,SELL,2185.11,139,139,0,2026-01-01T00:13:14Z
order_00001372,batch_0003,trader_0014,ETH-USD,SELL,2186.21,534,534,0,2026-01-01T00:22:51Z
order_00000743,batch_0003,trader_0014,ETH-USD,SELL,2186.29,340,340,0,2026-01-01T00:12:22Z
order_00001585,batch_0003,trader_0024,ETH-USD,SELL,2186.52,182,182,0,2026-01-01T00:26:24Z
order_00000727,batch_0003,trader_0008,ETH-USD,SELL,2187.11,503,503,0,2026-01-01T00:12:06Z
order_00001486,batch_0003,trader_0025,ETH-USD,SELL,2188.42,403,403,0,2026-01-01T00:24:45Z
order_00001193,batch_0003,trader_0025,ETH-USD,SELL,2188.65,172,172,0,2026-01-01T00:19:52Z
order_00001253,batch_0003,trader_0008,ETH-USD,SELL,2189.07,386,386,0,2026-01-01T00:20:52Z
order_00001412,batch_0003,trader_0023,ETH-USD,SELL,2189.84,125,125,0,2026-01-01T00:23:31Z
order_00001383,batch_0003,trader_0018,ETH-USD,SELL,2189.99,479,479,0,2026-01-01T00:23:02Z
order_00000678,batch_0003,trader_0001,ETH-USD,SELL,2190.99,549,549,0,2026-01-01T00:11:17Z
order_00000794,batch_0003,trader_0022,ETH-USD,SELL,2194.2,527,527,0,2026-01-01T00:13:13Z
order_00001592,batch_0003,trader_0016,ETH-USD,SELL,2194.88,542,542,0,2026-01-01T00:26:31Z
order_00000698,batch_0003,trader_0024,ETH-USD,SELL,2195.39,810,810,0,2026-01-01T00:11:37Z
order_00001521,batch_0003,trader_0018,ETH-USD,SELL,2196.14,835,835,0,2026-01-01T00:25:20Z
order_00001462,batch_0003,trader_0011,ETH-USD,SELL,2196.59,564,564,0,2026-01-01T00:24:21Z
order_00000618,batch_0003,trader_0003,ETH-USD,SELL,2197.65,555,555,0,2026-01-01T00:10:17Z
order_00001076,batch_0003,trader_0022,ETH-USD,SELL,2197.87,609,609,0,2026-01-01T00:17:55Z
